{
  "method": "caa",
  "alpha": 20.0,
  "CTC_rho": 0.01914993618511625,
  "CTC_pvalue": 0.7098144665542885,
  "BMD_rho": 0.13939393939393938,
  "BMD_pvalue": 0.7009318849100584,
  "bin_means": {
    "1": 0.16297976672649384,
    "2": 0.17603859305381775,
    "3": 0.1986357420682907,
    "4": 0.15580055117607117,
    "5": 0.21746239066123962,
    "6": 0.12612630426883698,
    "7": 0.18717029690742493,
    "8": 0.17800883948802948,
    "9": 0.1458287537097931,
    "10": 0.1683071404695511
  },
  "AOG": 0.016187652945518494,
  "T_adjacent": 0.16950920224189758,
  "T_opposite": 0.1533215492963791,
  "CFS": 0.535417119788464,
  "CTC_norm": 0.5095749680925581,
  "BMD_norm": 0.5696969696969697,
  "AOG_norm": 0.5269794215758642
}