{
  "method": "caa",
  "alpha": 20.0,
  "CTC_rho": 0.07492905741761613,
  "CTC_pvalue": 0.14487519807317936,
  "BMD_rho": 0.6121212121212121,
  "BMD_pvalue": 0.05997214247725527,
  "bin_means": {
    "1": 0.17624999582767487,
    "2": 0.1652500033378601,
    "3": 0.17350001633167267,
    "4": 0.17525000870227814,
    "5": 0.15474998950958252,
    "6": 0.16075000166893005,
    "7": 0.15174999833106995,
    "8": 0.1550000011920929,
    "9": 0.148499995470047,
    "10": 0.16950000822544098
  },
  "AOG": 0.015249982476234436,
  "T_adjacent": 0.1707499921321869,
  "T_opposite": 0.15550000965595245,
  "CFS": 0.6229805907432682,
  "CTC_norm": 0.537464528708808,
  "BMD_norm": 0.806060606060606,
  "AOG_norm": 0.5254166374603907
}