{
  "Self-direction: thought": {
    "Self-direction: thought": 0.0,
    "Self-direction: action": 0.20000000298023224,
    "Stimulation": 0.25,
    "Hedonism": 0.0,
    "Achievement": 0.14814814925193787,
    "Power: dominance": 0.40909090638160706,
    "Power: resources": 0.10000000149011612,
    "Face": 0.15789473056793213,
    "Security: personal": -0.043478261679410934,
    "Security: societal": 0.31578946113586426,
    "Tradition": 0.30000001192092896,
    "Conformity: rules": 0.13636364042758942,
    "Conformity: interpersonal": 0.1428571492433548,
    "Humility": 0.0476190485060215,
    "Benevolence: dependability": 0.0,
    "Benevolence: caring": 0.0416666679084301,
    "Universalism: concern": 0.25,
    "Universalism: nature": 0.0476190485060215,
    "Universalism: tolerance": 0.05263157933950424,
    "Universalism: objectivity": 0.2777777910232544
  },
  "Self-direction: action": {
    "Self-direction: thought": -0.09090909361839294,
    "Self-direction: action": 0.15000000596046448,
    "Stimulation": 0.44999998807907104,
    "Hedonism": 0.05000000074505806,
    "Achievement": 0.29629629850387573,
    "Power: dominance": 0.3636363744735718,
    "Power: resources": 0.4000000059604645,
    "Face": 0.2631579041481018,
    "Security: personal": -0.08695652335882187,
    "Security: societal": 0.5789473652839661,
    "Tradition": 0.44999998807907104,
    "Conformity: rules": 0.04545454680919647,
    "Conformity: interpersonal": 0.3333333432674408,
    "Humility": 0.1428571492433548,
    "Benevolence: dependability": 0.2857142984867096,
    "Benevolence: caring": -0.125,
    "Universalism: concern": 0.2083333283662796,
    "Universalism: nature": 0.1428571492433548,
    "Universalism: tolerance": 0.10526315867900848,
    "Universalism: objectivity": 0.3333333432674408
  },
  "Stimulation": {
    "Self-direction: thought": 0.13636364042758942,
    "Self-direction: action": 0.25,
    "Stimulation": 0.4000000059604645,
    "Hedonism": 0.10000000149011612,
    "Achievement": 0.37037035822868347,
    "Power: dominance": 0.4545454680919647,
    "Power: resources": 0.30000001192092896,
    "Face": 0.21052631735801697,
    "Security: personal": 0.043478261679410934,
    "Security: societal": 0.5263158082962036,
    "Tradition": 0.4000000059604645,
    "Conformity: rules": 0.13636364042758942,
    "Conformity: interpersonal": 0.380952388048172,
    "Humility": 0.190476194024086,
    "Benevolence: dependability": 0.2857142984867096,
    "Benevolence: caring": -0.0416666679084301,
    "Universalism: concern": 0.25,
    "Universalism: nature": 0.2380952388048172,
    "Universalism: tolerance": 0.21052631735801697,
    "Universalism: objectivity": 0.3333333432674408
  },
  "Hedonism": {
    "Self-direction: thought": 0.04545454680919647,
    "Self-direction: action": 0.05000000074505806,
    "Stimulation": 0.20000000298023224,
    "Hedonism": 0.05000000074505806,
    "Achievement": 0.0,
    "Power: dominance": 0.04545454680919647,
    "Power: resources": 0.10000000149011612,
    "Face": 0.10526315867900848,
    "Security: personal": 0.08695652335882187,
    "Security: societal": 0.10526315867900848,
    "Tradition": 0.25,
    "Conformity: rules": 0.09090909361839294,
    "Conformity: interpersonal": 0.0,
    "Humility": 0.0476190485060215,
    "Benevolence: dependability": 0.095238097012043,
    "Benevolence: caring": 0.2083333283662796,
    "Universalism: concern": 0.1666666716337204,
    "Universalism: nature": 0.0476190485060215,
    "Universalism: tolerance": -0.05263157933950424,
    "Universalism: objectivity": 0.0555555559694767
  },
  "Achievement": {
    "Self-direction: thought": 0.04545454680919647,
    "Self-direction: action": 0.10000000149011612,
    "Stimulation": 0.15000000596046448,
    "Hedonism": 0.0,
    "Achievement": -0.07407407462596893,
    "Power: dominance": 0.13636364042758942,
    "Power: resources": 0.05000000074505806,
    "Face": 0.05263157933950424,
    "Security: personal": 0.043478261679410934,
    "Security: societal": 0.15789473056793213,
    "Tradition": 0.15000000596046448,
    "Conformity: rules": 0.13636364042758942,
    "Conformity: interpersonal": 0.0,
    "Humility": 0.095238097012043,
    "Benevolence: dependability": 0.0476190485060215,
    "Benevolence: caring": 0.125,
    "Universalism: concern": 0.25,
    "Universalism: nature": 0.0476190485060215,
    "Universalism: tolerance": 0.0,
    "Universalism: objectivity": 0.1666666716337204
  },
  "Power: dominance": {
    "Self-direction: thought": 0.0,
    "Self-direction: action": 0.3499999940395355,
    "Stimulation": 0.15000000596046448,
    "Hedonism": 0.05000000074505806,
    "Achievement": 0.2222222238779068,
    "Power: dominance": 0.3636363744735718,
    "Power: resources": 0.05000000074505806,
    "Face": 0.15789473056793213,
    "Security: personal": 0.0,
    "Security: societal": 0.42105263471603394,
    "Tradition": 0.3499999940395355,
    "Conformity: rules": 0.1818181872367859,
    "Conformity: interpersonal": 0.2380952388048172,
    "Humility": 0.1428571492433548,
    "Benevolence: dependability": 0.1428571492433548,
    "Benevolence: caring": 0.125,
    "Universalism: concern": 0.2916666567325592,
    "Universalism: nature": 0.095238097012043,
    "Universalism: tolerance": 0.10526315867900848,
    "Universalism: objectivity": 0.3888888955116272
  },
  "Power: resources": {
    "Self-direction: thought": 0.04545454680919647,
    "Self-direction: action": 0.44999998807907104,
    "Stimulation": 0.4000000059604645,
    "Hedonism": 0.10000000149011612,
    "Achievement": 0.4444444477558136,
    "Power: dominance": 0.5454545617103577,
    "Power: resources": 0.30000001192092896,
    "Face": 0.2631579041481018,
    "Security: personal": 0.1304347813129425,
    "Security: societal": 0.5789473652839661,
    "Tradition": 0.44999998807907104,
    "Conformity: rules": 0.22727273404598236,
    "Conformity: interpersonal": 0.2857142984867096,
    "Humility": 0.2380952388048172,
    "Benevolence: dependability": 0.3333333432674408,
    "Benevolence: caring": 0.0833333358168602,
    "Universalism: concern": 0.2916666567325592,
    "Universalism: nature": 0.3333333432674408,
    "Universalism: tolerance": 0.21052631735801697,
    "Universalism: objectivity": 0.4444444477558136
  },
  "Face": {
    "Self-direction: thought": -0.27272728085517883,
    "Self-direction: action": 0.15000000596046448,
    "Stimulation": 0.5,
    "Hedonism": -0.10000000149011612,
    "Achievement": 0.4444444477558136,
    "Power: dominance": 0.3636363744735718,
    "Power: resources": 0.30000001192092896,
    "Face": 0.15789473056793213,
    "Security: personal": -0.043478261679410934,
    "Security: societal": 0.5263158082962036,
    "Tradition": 0.44999998807907104,
    "Conformity: rules": -0.09090909361839294,
    "Conformity: interpersonal": 0.3333333432674408,
    "Humility": 0.095238097012043,
    "Benevolence: dependability": 0.1428571492433548,
    "Benevolence: caring": -0.2083333283662796,
    "Universalism: concern": 0.0833333358168602,
    "Universalism: nature": 0.0,
    "Universalism: tolerance": 0.05263157933950424,
    "Universalism: objectivity": 0.3333333432674408
  },
  "Security: personal": {
    "Self-direction: thought": 0.0,
    "Self-direction: action": 0.10000000149011612,
    "Stimulation": 0.15000000596046448,
    "Hedonism": -0.05000000074505806,
    "Achievement": -0.07407407462596893,
    "Power: dominance": 0.1818181872367859,
    "Power: resources": 0.05000000074505806,
    "Face": 0.10526315867900848,
    "Security: personal": -0.043478261679410934,
    "Security: societal": 0.15789473056793213,
    "Tradition": 0.20000000298023224,
    "Conformity: rules": 0.22727273404598236,
    "Conformity: interpersonal": 0.095238097012043,
    "Humility": 0.095238097012043,
    "Benevolence: dependability": 0.0476190485060215,
    "Benevolence: caring": 0.1666666716337204,
    "Universalism: concern": 0.2083333283662796,