{
  "Self-direction: thought": {
    "Self-direction: thought": 0.07000000029802322,
    "Self-direction: action": 0.18000000715255737,
    "Stimulation": 0.18000000715255737,
    "Hedonism": 0.14000000059604645,
    "Achievement": 0.03999999910593033,
    "Power: dominance": 0.23000000417232513,
    "Power: resources": 0.2199999988079071,
    "Face": 0.14000000059604645,
    "Security: personal": 0.11999999731779099,
    "Security: societal": 0.12999999523162842,
    "Tradition": 0.10000000149011612,
    "Conformity: rules": 0.07999999821186066,
    "Conformity: interpersonal": 0.12999999523162842,
    "Humility": 0.2199999988079071,
    "Benevolence: dependability": 0.05000000074505806,
    "Benevolence: caring": 0.15000000596046448,
    "Universalism: concern": 0.1899999976158142,
    "Universalism: nature": 0.10999999940395355,
    "Universalism: tolerance": 0.1599999964237213,
    "Universalism: objectivity": 0.07000000029802322
  },
  "Self-direction: action": {
    "Self-direction: thought": 0.009999999776482582,
    "Self-direction: action": 0.33000001311302185,
    "Stimulation": 0.30000001192092896,
    "Hedonism": 0.20000000298023224,
    "Achievement": 0.14000000059604645,
    "Power: dominance": 0.2800000011920929,
    "Power: resources": 0.20999999344348907,
    "Face": 0.25,
    "Security: personal": 0.2800000011920929,
    "Security: societal": 0.1599999964237213,
    "Tradition": 0.23000000417232513,
    "Conformity: rules": 0.20999999344348907,
    "Conformity: interpersonal": 0.2199999988079071,
    "Humility": 0.23000000417232513,
    "Benevolence: dependability": 0.12999999523162842,
    "Benevolence: caring": 0.18000000715255737,
    "Universalism: concern": 0.10999999940395355,
    "Universalism: nature": 0.15000000596046448,
    "Universalism: tolerance": 0.12999999523162842,
    "Universalism: objectivity": 0.05999999865889549
  },
  "Stimulation": {
    "Self-direction: thought": 0.15000000596046448,
    "Self-direction: action": 0.3400000035762787,
    "Stimulation": 0.3799999952316284,
    "Hedonism": 0.28999999165534973,
    "Achievement": 0.1899999976158142,
    "Power: dominance": 0.3400000035762787,
    "Power: resources": 0.2800000011920929,
    "Face": 0.30000001192092896,
    "Security: personal": 0.3199999928474426,
    "Security: societal": 0.23000000417232513,
    "Tradition": 0.23999999463558197,
    "Conformity: rules": 0.1899999976158142,
    "Conformity: interpersonal": 0.3700000047683716,
    "Humility": 0.25,
    "Benevolence: dependability": 0.20000000298023224,
    "Benevolence: caring": 0.25999999046325684,
    "Universalism: concern": 0.27000001072883606,
    "Universalism: nature": 0.25999999046325684,
    "Universalism: tolerance": 0.23999999463558197,
    "Universalism: objectivity": 0.15000000596046448
  },
  "Hedonism": {
    "Self-direction: thought": 0.07999999821186066,
    "Self-direction: action": 0.09000000357627869,
    "Stimulation": 0.10000000149011612,
    "Hedonism": 0.05999999865889549,
    "Achievement": 0.10000000149011612,
    "Power: dominance": 0.09000000357627869,
    "Power: resources": 0.1599999964237213,
    "Face": 0.09000000357627869,
    "Security: personal": -0.009999999776482582,
    "Security: societal": 0.05999999865889549,
    "Tradition": 0.10000000149011612,
    "Conformity: rules": 0.07999999821186066,
    "Conformity: interpersonal": 0.07000000029802322,
    "Humility": 0.07999999821186066,
    "Benevolence: dependability": 0.07999999821186066,
    "Benevolence: caring": 0.03999999910593033,
    "Universalism: concern": 0.029999999329447746,
    "Universalism: nature": 0.019999999552965164,
    "Universalism: tolerance": 0.03999999910593033,
    "Universalism: objectivity": 0.019999999552965164
  },
  "Achievement": {
    "Self-direction: thought": 0.029999999329447746,
    "Self-direction: action": 0.12999999523162842,
    "Stimulation": 0.11999999731779099,
    "Hedonism": 0.05000000074505806,
    "Achievement": 0.03999999910593033,
    "Power: dominance": 0.07999999821186066,
    "Power: resources": 0.1599999964237213,
    "Face": 0.05000000074505806,
    "Security: personal": 0.03999999910593033,
    "Security: societal": 0.10000000149011612,
    "Tradition": 0.07999999821186066,
    "Conformity: rules": 0.07999999821186066,
    "Conformity: interpersonal": 0.07999999821186066,
    "Humility": 0.10000000149011612,
    "Benevolence: dependability": 0.05999999865889549,
    "Benevolence: caring": 0.05000000074505806,
    "Universalism: concern": 0.09000000357627869,
    "Universalism: nature": 0.019999999552965164,
    "Universalism: tolerance": 0.05999999865889549,
    "Universalism: objectivity": 0.05999999865889549
  },
  "Power: dominance": {
    "Self-direction: thought": 0.07000000029802322,
    "Self-direction: action": 0.23999999463558197,
    "Stimulation": 0.28999999165534973,
    "Hedonism": 0.20000000298023224,
    "Achievement": 0.17000000178813934,
    "Power: dominance": 0.25999999046325684,
    "Power: resources": 0.2199999988079071,
    "Face": 0.11999999731779099,
    "Security: personal": 0.10000000149011612,
    "Security: societal": 0.20999999344348907,
    "Tradition": 0.20000000298023224,
    "Conformity: rules": 0.10999999940395355,
    "Conformity: interpersonal": 0.18000000715255737,
    "Humility": 0.25999999046325684,
    "Benevolence: dependability": 0.14000000059604645,
    "Benevolence: caring": 0.2199999988079071,
    "Universalism: concern": 0.23999999463558197,
    "Universalism: nature": 0.15000000596046448,
    "Universalism: tolerance": 0.15000000596046448,
    "Universalism: objectivity": 0.17000000178813934
  },
  "Power: resources": {
    "Self-direction: thought": 0.12999999523162842,
    "Self-direction: action": 0.3499999940395355,
    "Stimulation": 0.41999998688697815,
    "Hedonism": 0.3400000035762787,
    "Achievement": 0.3100000023841858,
    "Power: dominance": 0.3799999952316284,
    "Power: resources": 0.3100000023841858,
    "Face": 0.23000000417232513,
    "Security: personal": 0.3100000023841858,
    "Security: societal": 0.3199999928474426,
    "Tradition": 0.25999999046325684,
    "Conformity: rules": 0.23999999463558197,
    "Conformity: interpersonal": 0.3799999952316284,
    "Humility": 0.3400000035762787,
    "Benevolence: dependability": 0.25,
    "Benevolence: caring": 0.3400000035762787,
    "Universalism: concern": 0.3499999940395355,
    "Universalism: nature": 0.27000001072883606,
    "Universalism: tolerance": 0.33000001311302185,
    "Universalism: objectivity": 0.25
  },
  "Face": {
    "Self-direction: thought": -0.05000000074505806,
    "Self-direction: action": 0.23000000417232513,
    "Stimulation": 0.17000000178813934,
    "Hedonism": 0.17000000178813934,
    "Achievement": 0.12999999523162842,
    "Power: dominance": 0.2199999988079071,
    "Power: resources": 0.1899999976158142,
    "Face": 0.20000000298023224,
    "Security: personal": 0.28999999165534973,
    "Security: societal": 0.10999999940395355,
    "Tradition": 0.15000000596046448,
    "Conformity: rules": 0.18000000715255737,
    "Conformity: interpersonal": 0.20000000298023224,
    "Humility": 0.17000000178813934,
    "Benevolence: dependability": 0.07000000029802322,
    "Benevolence: caring": 0.2199999988079071,
    "Universalism: concern": 0.11999999731779099,
    "Universalism: nature": 0.11999999731779099,
    "Universalism: tolerance": 0.07999999821186066,
    "Universalism: objectivity": 0.029999999329447746
  },
  "Security: personal": {
    "Self-direction: thought": 0.03999999910593033,
    "Self-direction: action": 0.09000000357627869,
    "Stimulation": 0.15000000596046448,
    "Hedonism": 0.03999999910593033,
    "Achievement": 0.09000000357627869,
    "Power: dominance": 0.07999999821186066,
    "Power: resources": 0.17000000178813934,
    "Face": 0.05999999865889549,
    "Security: personal": 0.05000000074505806,
    "Security: societal": 0.12999999523162842,
    "Tradition": 0.10000000149011612,