{
  "label": "mean_centered",
  "spearman_rho": 0.32558776921800386,
  "spearman_p_value": 4.565513261192361e-06,
  "pearson_r": 0.3331169372803709,
  "pearson_p_value": 2.6500997688843124e-06,
  "num_pairs": 190,
  "silhouette_by_higher_order_group": -0.003652798163530075,
  "within_group_mean_cosine": 0.08953678137844517,
  "across_group_mean_cosine": -0.07935430192014177,
  "within_minus_across_cosine": 0.16889108329858693,
  "neighbor_mean_cosine": 0.17868931889533995,
  "opposite_mean_cosine": -0.18228107765316964,
  "neighbor_minus_opposite_cosine": 0.3609703965485096,
  "circular_distance_spearman": 0.32558776921800386,
  "circular_distance_p_value": 4.565513261192361e-06,
  "hierarchical_distance_spearman": 0.20579732021119176,
  "hierarchical_distance_p_value": 0.004391804203708964,
  "same_lower_order_mean_cosine": 0.23565844310955567,
  "same_higher_order_mean_cosine": 0.023228362698028696,
  "no_relation_mean_cosine": -0.030644349884823896,
  "opposite_higher_order_mean_cosine": -0.1576912432598571,
  "lower_minus_opposite_cosine": 0.39334968636941275,
  "procrustes_disparity": 0.7759747935656363,
  "procrustes_rmse_after_alignment": 0.9270138204137073,
  "mds_stress": 8.300208556538216
}