{
  "label": "mean_centered",
  "spearman_rho": 0.32558776921800386,
  "p_value": 4.565513261192361e-06,
  "n_pairs": 190
}