{
  "spearman_rho": 0.19632140896062084,
  "p_value": 0.0066332604409668735,
  "num_pairs": 190
}