{
  "raw_spearman_rho": 0.23166940430406144,
  "raw_p_value": 0.0012992842747100012,
  "centered_spearman_rho": 0.32558776921800386,
  "centered_p_value": 4.565513261192361e-06,
  "delta_rho": 0.09391836491394243
}