{
  "label": "raw_sparse",
  "spearman_rho": 0.23166940430406144,
  "spearman_p_value": 0.0012992842747100012,
  "pearson_r": 0.20344125061222246,
  "pearson_p_value": 0.004874062392358478,
  "num_pairs": 190,
  "silhouette_by_higher_order_group": -0.06331627178235322,
  "within_group_mean_cosine": 0.8879174973283496,
  "across_group_mean_cosine": 0.8681856603235811,
  "within_minus_across_cosine": 0.019731837004768438,
  "neighbor_mean_cosine": 0.8924187123775482,
  "opposite_mean_cosine": 0.8600064158439636,
  "neighbor_minus_opposite_cosine": 0.03241229653358457,
  "circular_distance_spearman": 0.23166940430406144,
  "circular_distance_p_value": 0.0012992842747100012,
  "hierarchical_distance_spearman": 0.14505494900637025,
  "hierarchical_distance_p_value": 0.04584431904180311,
  "same_lower_order_mean_cosine": 0.9254108613187616,
  "same_higher_order_mean_cosine": 0.8579056820970901,
  "no_relation_mean_cosine": 0.8907938558194373,
  "opposite_higher_order_mean_cosine": 0.8524294743935267,
  "lower_minus_opposite_cosine": 0.07298138692523493,
  "procrustes_disparity": 0.8069101573145347,
  "procrustes_rmse_after_alignment": 0.9597443311283739,
  "mds_stress": 0.09867190868876906
}