{
  "label": "raw_sparse",
  "spearman_rho": 0.23166940430406144,
  "p_value": 0.0012992842747100012,
  "n_pairs": 190
}